[
null,
{"id":1,"battlerName":"萊恩","characterIndex":0,"characterName":"萊恩","classId":1,"equips":[2,0,0,3,0],"faceIndex":0,"faceName":"萊恩","traits":[],"initialLevel":1,"maxLevel":99,"name":"萊恩","nickname":"","note":"","profile":""},
{"id":2,"battlerName":"小菲","characterIndex":0,"characterName":"小菲","classId":1,"equips":[1,0,0,9,0],"faceIndex":0,"faceName":"小菲","traits":[],"initialLevel":1,"maxLevel":99,"name":"小菲","nickname":"","note":"","profile":""},
{"id":3,"battlerName":"jay","characterIndex":0,"characterName":"jay","classId":5,"equips":[31,0,65,5,0],"faceIndex":0,"faceName":"jay","traits":[],"initialLevel":1,"maxLevel":99,"name":"JAY","nickname":"","note":"","profile":""},
{"id":4,"battlerName":"菲菲","characterIndex":0,"characterName":"菲菲","classId":5,"equips":[31,0,0,5,0],"faceIndex":0,"faceName":"菲菲","traits":[],"initialLevel":1,"maxLevel":99,"name":"菲菲","nickname":"","note":"","profile":""},
{"id":5,"battlerName":"醬","characterIndex":0,"characterName":"醬","classId":2,"equips":[7,0,0,20,0],"faceIndex":0,"faceName":"醬","traits":[],"initialLevel":1,"maxLevel":99,"name":"醬","nickname":"","note":"","profile":""},
{"id":6,"battlerName":"賈許","characterIndex":0,"characterName":"賈許","classId":2,"equips":[7,0,65,21,0],"faceIndex":0,"faceName":"賈許","traits":[],"initialLevel":1,"maxLevel":99,"name":"賈許","nickname":"","note":"","profile":""},
{"id":7,"battlerName":"托米","characterIndex":0,"characterName":"托米","classId":3,"equips":[7,0,0,20,0],"faceIndex":0,"faceName":"托米","traits":[],"initialLevel":1,"maxLevel":99,"name":"托米","nickname":"","note":"","profile":""},
{"id":8,"battlerName":"白白","characterIndex":0,"characterName":"白白","classId":3,"equips":[7,0,0,20,0],"faceIndex":0,"faceName":"白白","traits":[],"initialLevel":1,"maxLevel":99,"name":"白白","nickname":"","note":"","profile":""},
{"id":9,"battlerName":"羽毛","characterIndex":0,"characterName":"羽毛","classId":1,"equips":[0,0,0,0,0],"faceIndex":0,"faceName":"羽毛","traits":[],"initialLevel":1,"maxLevel":99,"name":"羽毛","nickname":"","note":"","profile":""},
{"id":10,"battlerName":"小柔","characterIndex":0,"characterName":"小柔","classId":1,"equips":[0,0,0,0,0],"faceIndex":0,"faceName":"小柔","traits":[],"initialLevel":1,"maxLevel":99,"name":"小柔","nickname":"","note":"","profile":""},
{"id":11,"battlerName":"馬可","characterIndex":0,"characterName":"馬可","classId":1,"equips":[0,0,0,0,0],"faceIndex":0,"faceName":"馬可","traits":[],"initialLevel":1,"maxLevel":99,"name":"馬可","nickname":"","note":"","profile":""},
{"id":12,"battlerName":"姚哥","characterIndex":0,"characterName":"姚哥","classId":1,"equips":[0,0,0,0,0],"faceIndex":0,"faceName":"姚哥","traits":[],"initialLevel":1,"maxLevel":99,"name":"姚哥","nickname":"","note":"","profile":""},
{"id":13,"battlerName":"龍哥","characterIndex":0,"characterName":"龍哥","classId":1,"equips":[0,0,0,0,0],"faceIndex":0,"faceName":"龍哥2","traits":[],"initialLevel":1,"maxLevel":99,"name":"龍哥","nickname":"","note":"","profile":""},
{"id":14,"battlerName":"小荳","characterIndex":0,"characterName":"小荳","classId":1,"equips":[0,0,0,0,0],"faceIndex":0,"faceName":"小荳","traits":[],"initialLevel":1,"maxLevel":99,"name":"小荳","nickname":"","note":"","profile":""},
{"id":15,"battlerName":"貝體","characterIndex":0,"characterName":"貝體","classId":1,"equips":[0,0,0,0,0],"faceIndex":0,"faceName":"北体","traits":[],"initialLevel":1,"maxLevel":99,"name":"蓓体","nickname":"","note":"","profile":""},
{"id":16,"battlerName":"尤娜","characterIndex":0,"characterName":"尤娜","classId":1,"equips":[0,0,0,0,0],"faceIndex":0,"faceName":"尤娜","traits":[],"initialLevel":1,"maxLevel":99,"name":"尤娜","nickname":"","note":"","profile":""},
{"id":17,"battlerName":"與生","characterIndex":0,"characterName":"與生","classId":1,"equips":[0,0,0,0,0],"faceIndex":0,"faceName":"雨聲","traits":[],"initialLevel":1,"maxLevel":99,"name":"雨聲","nickname":"","note":"","profile":""},
{"id":18,"battlerName":"弗瑞德","characterIndex":0,"characterName":"弗瑞德","classId":1,"equips":[0,0,0,0,0],"faceIndex":0,"faceName":"信和","traits":[],"initialLevel":1,"maxLevel":99,"name":"弗瑞德","nickname":"","note":"","profile":""},
{"id":19,"battlerName":"史蒂芬","characterIndex":0,"characterName":"史蒂芬","classId":1,"equips":[0,0,0,0,0],"faceIndex":0,"faceName":"史蒂芬","traits":[],"initialLevel":1,"maxLevel":99,"name":"史蒂芬","nickname":"","note":"","profile":""},
{"id":20,"battlerName":"亦海","characterIndex":0,"characterName":"亦海","classId":1,"equips":[0,0,0,0,0],"faceIndex":0,"faceName":"亦海","traits":[],"initialLevel":1,"maxLevel":99,"name":"亦海","nickname":"","note":"","profile":""},
{"id":21,"battlerName":"Actor1_1","characterIndex":0,"characterName":"Actor1","classId":1,"equips":[2,0,0,3,0],"faceIndex":0,"faceName":"Actor1","traits":[],"initialLevel":1,"maxLevel":99,"name":"瑞德","nickname":"","note":"","profile":""},
{"id":22,"battlerName":"","characterIndex":0,"characterName":"","classId":1,"equips":[0,0,0,0,0],"faceIndex":0,"faceName":"","traits":[],"initialLevel":1,"maxLevel":99,"name":"","nickname":"","note":"","profile":""},
{"id":23,"battlerName":"","characterIndex":0,"characterName":"","classId":1,"equips":[0,0,0,0,0],"faceIndex":0,"faceName":"","traits":[],"initialLevel":1,"maxLevel":99,"name":"","nickname":"","note":"","profile":""},
{"id":24,"battlerName":"","characterIndex":0,"characterName":"","classId":1,"equips":[0,0,0,0,0],"faceIndex":0,"faceName":"","traits":[],"initialLevel":1,"maxLevel":99,"name":"","nickname":"","note":"","profile":""},
{"id":25,"battlerName":"","characterIndex":0,"characterName":"","classId":1,"equips":[0,0,0,0,0],"faceIndex":0,"faceName":"","traits":[],"initialLevel":1,"maxLevel":99,"name":"","nickname":"","note":"","profile":""},
{"id":26,"battlerName":"","characterIndex":0,"characterName":"","classId":1,"equips":[0,0,0,0,0],"faceIndex":0,"faceName":"","traits":[],"initialLevel":1,"maxLevel":99,"name":"","nickname":"","note":"","profile":""},
{"id":27,"battlerName":"","characterIndex":0,"characterName":"","classId":1,"equips":[0,0,0,0,0],"faceIndex":0,"faceName":"","traits":[],"initialLevel":1,"maxLevel":99,"name":"","nickname":"","note":"","profile":""},
{"id":28,"battlerName":"","characterIndex":0,"characterName":"","classId":1,"equips":[0,0,0,0,0],"faceIndex":0,"faceName":"","traits":[],"initialLevel":1,"maxLevel":99,"name":"","nickname":"","note":"","profile":""},
{"id":29,"battlerName":"","characterIndex":0,"characterName":"","classId":1,"equips":[0,0,0,0,0],"faceIndex":0,"faceName":"","traits":[],"initialLevel":1,"maxLevel":99,"name":"","nickname":"","note":"","profile":""},
{"id":30,"battlerName":"","characterIndex":0,"characterName":"","classId":1,"equips":[0,0,0,0,0],"faceIndex":0,"faceName":"","traits":[],"initialLevel":1,"maxLevel":99,"name":"","nickname":"","note":"","profile":""}
]