[
null,
{"id":1,"atypeId":1,"description":"","etypeId":4,"traits":[{"code":22,"dataId":1,"value":0}],"iconIndex":135,"name":"-----盔甲","note":"","params":[0,0,0,1,0,0,0,0],"price":100},
{"id":2,"atypeId":1,"description":"[共通裝備]有著高透氣性的\n亞麻布裝。","etypeId":4,"traits":[{"code":22,"dataId":1,"value":0}],"iconIndex":135,"name":"亞麻布裝","note":"","params":[0,0,0,1,0,0,0,0],"price":100},
{"id":3,"atypeId":1,"description":"[共通裝備]由皮革所編製成的背心。","etypeId":4,"traits":[{"code":22,"dataId":1,"value":0}],"iconIndex":135,"name":"皮革背心","note":"","params":[0,0,0,3,0,0,0,0],"price":200},
{"id":4,"atypeId":1,"description":"[共通裝備]能夠抵擋嚴酷的旅程的結實服裝。","etypeId":4,"traits":[{"code":22,"dataId":1,"value":0}],"iconIndex":135,"name":"冒險家服裝","note":"","params":[0,0,0,7,0,0,0,0],"price":550},
{"id":5,"atypeId":1,"description":"[共通裝備]以明膠硬化皮革後\n所編製成的背心。","etypeId":4,"traits":[{"code":22,"dataId":1,"value":0}],"iconIndex":135,"name":"硬皮革裝","note":"","params":[0,0,0,15,0,0,0,0],"price":980},
{"id":6,"atypeId":1,"description":"[共通裝備]將皮革裝以\n鋼板進行強化的裝備。","etypeId":4,"traits":[{"code":22,"dataId":1,"value":0}],"iconIndex":135,"name":"鎖子甲","note":"","params":[0,0,0,20,0,0,0,0],"price":1560},
{"id":7,"atypeId":0,"description":"","etypeId":2,"traits":[{"code":22,"dataId":1,"value":0}],"iconIndex":0,"name":"","note":"","params":[0,0,0,0,0,0,0,0],"price":0},
{"id":8,"atypeId":3,"description":"[輕型裝備]以結實的布料製作而成的盔甲。","etypeId":4,"traits":[{"code":22,"dataId":1,"value":0}],"iconIndex":136,"name":"布製盔甲","note":"","params":[0,0,0,4,0,0,0,0],"price":260},
{"id":9,"atypeId":3,"description":"[輕型裝備]以牢固的皮革製成的盔甲。","etypeId":4,"traits":[{"code":22,"dataId":1,"value":0}],"iconIndex":136,"name":"皮革盔甲","note":"","params":[0,0,0,8,0,0,0,0],"price":550},
{"id":10,"atypeId":3,"description":"[輕型裝備]以青銅所製成的胸甲。","etypeId":4,"traits":[{"code":22,"dataId":1,"value":0}],"iconIndex":136,"name":"青銅胸甲","note":"","params":[0,0,0,13,0,0,0,0],"price":840},
{"id":11,"atypeId":3,"description":"[輕型裝備]以鋼鐵所製成的胸甲。","etypeId":4,"traits":[{"code":22,"dataId":1,"value":0}],"iconIndex":136,"name":"鋼鐵胸甲","note":"","params":[0,0,0,20,0,0,0,0],"price":1280},
{"id":12,"atypeId":3,"description":"[輕型裝備]以秘銀所製成的胸甲。","etypeId":4,"traits":[{"code":22,"dataId":1,"value":0}],"iconIndex":136,"name":"秘銀胸甲","note":"","params":[0,0,0,27,0,0,0,0],"price":2800},
{"id":13,"atypeId":3,"description":"[輕型裝備]以魔龍的鱗片製作而成的盔甲。","etypeId":4,"traits":[{"code":22,"dataId":1,"value":0}],"iconIndex":136,"name":"龍鱗胸甲","note":"","params":[0,0,0,35,0,0,0,0],"price":4680},
{"id":14,"atypeId":0,"description":"","etypeId":2,"traits":[{"code":22,"dataId":1,"value":0}],"iconIndex":0,"name":"","note":"","params":[0,0,0,0,0,0,0,0],"price":0},
{"id":15,"atypeId":4,"description":"[重型裝備]以青銅製成的盔甲。","etypeId":4,"traits":[{"code":22,"dataId":1,"value":0}],"iconIndex":137,"name":"青銅盔甲","note":"","params":[0,0,0,15,0,0,0,0],"price":680},
{"id":16,"atypeId":4,"description":"[重型裝備]以鋼鐵製成的盔甲。","etypeId":4,"traits":[{"code":22,"dataId":1,"value":0}],"iconIndex":137,"name":"鋼鐵盔甲","note":"","params":[0,0,0,24,0,0,0,0],"price":1480},
{"id":17,"atypeId":4,"description":"[重型裝備]以秘銀製成的盔甲。","etypeId":4,"traits":[{"code":22,"dataId":1,"value":0}],"iconIndex":137,"name":"秘銀盔甲","note":"","params":[0,0,0,37,0,0,0,0],"price":3250},
{"id":18,"atypeId":4,"description":"[重型裝備]以魔龍的鱗片製作而成的盔甲。","etypeId":4,"traits":[{"code":22,"dataId":1,"value":0}],"iconIndex":137,"name":"龍鱗盔甲","note":"","params":[0,0,0,50,0,0,0,0],"price":5260},
{"id":19,"atypeId":0,"description":"","etypeId":2,"traits":[{"code":22,"dataId":1,"value":0}],"iconIndex":0,"name":"","note":"","params":[0,0,0,0,0,0,0,0],"price":0},
{"id":20,"atypeId":2,"description":"[魔法裝備]一款普及常見的長袍。","etypeId":4,"traits":[{"code":22,"dataId":1,"value":0}],"iconIndex":139,"name":"棉布長袍","note":"","params":[0,0,0,4,2,3,0,0],"price":150},
{"id":21,"atypeId":2,"description":"[魔法裝備]以絲綢製成的高品質斗篷。","etypeId":4,"traits":[{"code":22,"dataId":1,"value":0}],"iconIndex":139,"name":"絲質斗篷","note":"","params":[0,0,0,9,4,6,0,0],"price":560},
{"id":22,"atypeId":2,"description":"[魔法裝備]刻劃著符文字母的長袍。","etypeId":4,"traits":[{"code":22,"dataId":1,"value":0}],"iconIndex":139,"name":"軍師長袍","note":"","params":[0,0,0,15,7,11,0,0],"price":1220},
{"id":23,"atypeId":2,"description":"[魔法裝備]具有神秘法力\n的長袍。","etypeId":4,"traits":[{"code":22,"dataId":1,"value":0}],"iconIndex":139,"name":"賢者長袍","note":"","params":[0,0,0,21,15,18,0,0],"price":2980},
{"id":24,"atypeId":2,"description":"[魔法裝備]內含著精靈法力\n的長袍。","etypeId":4,"traits":[{"code":22,"dataId":1,"value":0}],"iconIndex":139,"name":"元素斗篷","note":"","params":[0,0,0,28,20,32,0,0],"price":5760},
{"id":25,"atypeId":0,"description":"","etypeId":2,"traits":[{"code":22,"dataId":1,"value":0}],"iconIndex":0,"name":"","note":"","params":[0,0,0,0,0,0,0,0],"price":0},
{"id":26,"atypeId":1,"description":"","etypeId":4,"traits":[{"code":22,"dataId":1,"value":0}],"iconIndex":135,"name":"-----盾","note":"","params":[0,0,0,1,0,0,0,0],"price":100},
{"id":27,"atypeId":5,"description":"[小型盾] 用於轉移攻擊力道的小型盾牌。","etypeId":2,"traits":[{"code":22,"dataId":1,"value":0}],"iconIndex":129,"name":"圓盾","note":"","params":[0,0,0,5,0,0,0,0],"price":300},
{"id":28,"atypeId":5,"description":"[小型盾]以鐵強化過的木製圓盾。","etypeId":2,"traits":[{"code":22,"dataId":1,"value":0}],"iconIndex":129,"name":"強化圓盾","note":"","params":[0,0,0,10,0,0,0,0],"price":670},
{"id":29,"atypeId":5,"description":"[小型盾]裝有攻擊用尖刺的\n小圓盾。","etypeId":2,"traits":[{"code":22,"dataId":1,"value":0}],"iconIndex":129,"name":"尖刺圓盾","note":"","params":[0,0,0,15,0,0,0,0],"price":1320},
{"id":30,"atypeId":5,"description":"[小型盾]以秘銀打造的小型盾牌。","etypeId":2,"traits":[{"code":22,"dataId":1,"value":0}],"iconIndex":129,"name":"秘銀圓盾","note":"","params":[0,0,0,21,0,0,0,0],"price":2750},
{"id":31,"atypeId":5,"description":"[小型盾]以魔龍的鱗片製作而成的小型盾。","etypeId":2,"traits":[{"code":22,"dataId":1,"value":0}],"iconIndex":129,"name":"龍鱗圓盾","note":"","params":[0,0,0,28,0,0,0,0],"price":5280},
{"id":32,"atypeId":0,"description":"","etypeId":2,"traits":[{"code":22,"dataId":1,"value":0}],"iconIndex":0,"name":"","note":"","params":[0,0,0,0,0,0,0,0],"price":0},
{"id":33,"atypeId":6,"description":"[大型盾]使用普通木頭製作而成的大型盾。","etypeId":2,"traits":[{"code":22,"dataId":1,"value":0}],"iconIndex":128,"name":"木盾","note":"","params":[0,0,0,7,0,0,0,0],"price":550},
{"id":34,"atypeId":6,"description":"[大型盾]由青銅板製作而成的大型盾。","etypeId":2,"traits":[{"code":22,"dataId":1,"value":0}],"iconIndex":128,"name":"青銅盾","note":"","params":[0,0,0,12,0,0,0,0],"price":960},
{"id":35,"atypeId":6,"description":"[大型盾]使用鋼鐵製作而成的大型盾。","etypeId":2,"traits":[{"code":22,"dataId":1,"value":0}],"iconIndex":128,"name":"鋼鐵盾","note":"","params":[0,0,0,17,0,0,0,0],"price":1480},
{"id":36,"atypeId":6,"description":"[大型盾]使用秘銀製作而成的大型盾。","etypeId":2,"traits":[{"code":22,"dataId":1,"value":0}],"iconIndex":128,"name":"秘銀盾","note":"","params":[0,0,0,25,0,0,0,0],"price":2980},
{"id":37,"atypeId":6,"description":"[大型盾]以魔龍的鱗片製作而成的大型盾。","etypeId":2,"traits":[{"code":22,"dataId":1,"value":0}],"iconIndex":128,"name":"龍鱗盾","note":"","params":[0,0,0,38,0,0,0,0],"price":6120},
{"id":38,"atypeId":0,"description":"","etypeId":2,"traits":[{"code":22,"dataId":1,"value":0}],"iconIndex":0,"name":"","note":"","params":[0,0,0,0,0,0,0,0],"price":0},
{"id":39,"atypeId":2,"description":"[魔法裝備]被施放了守護魔法的\n手鐲。","etypeId":2,"traits":[{"code":22,"dataId":1,"value":0}],"iconIndex":144,"name":"木製手鐲","note":"","params":[0,0,0,2,0,3,0,0],"price":300},
{"id":40,"atypeId":2,"description":"[魔法裝備]被施放了守護魔法的\n手鐲。","etypeId":2,"traits":[{"code":22,"dataId":1,"value":0}],"iconIndex":144,"name":"銅製手鐲","note":"","params":[0,0,0,5,0,6,0,0],"price":650},
{"id":41,"atypeId":2,"description":"[魔法裝備]被施放了守護魔法的\n手鐲。","etypeId":2,"traits":[{"code":22,"dataId":1,"value":0}],"iconIndex":144,"name":"鋼鐵手鐲","note":"","params":[0,0,0,10,0,9,0,0],"price":1280},
{"id":42,"atypeId":2,"description":"[魔法裝備]被施放了守護魔法的\n手鐲。","etypeId":2,"traits":[{"code":22,"dataId":1,"value":0}],"iconIndex":144,"name":"秘銀手鐲","note":"","params":[0,0,0,16,0,12,0,0],"price":2680},
{"id":43,"atypeId":2,"description":"[魔法裝備]被施放了守護魔法的\n手鐲。","etypeId":2,"traits":[{"code":22,"dataId":1,"value":0}],"iconIndex":144,"name":"魔龍手鐲","note":"","params":[0,0,0,23,0,15,0,0],"price":4860},
{"id":44,"atypeId":0,"description":"","etypeId":2,"traits":[{"code":22,"dataId":1,"value":0}],"iconIndex":0,"name":"","note":"","params":[0,0,0,0,0,0,0,0],"price":0},
{"id":45,"atypeId":1,"description":"","etypeId":4,"traits":[{"code":22,"dataId":1,"value":0}],"iconIndex":135,"name":"-----頭盔","note":"","params":[0,0,0,1,0,0,0,0],"price":100},
{"id":46,"atypeId":1,"description":"[共通裝備]用來保護額頭的\n布製頭巾。","etypeId":3,"traits":[{"code":22,"dataId":1,"value":0}],"iconIndex":150,"name":"頭巾","note":"","params":[0,0,0,1,0,0,0,0],"price":50},
{"id":47,"atypeId":1,"description":"[共通裝備]用來保護額頭的\n皮製頭巾。","etypeId":3,"traits":[{"code":22,"dataId":1,"value":0}],"iconIndex":150,"name":"皮革頭巾","note":"","params":[0,0,0,4,0,0,0,0],"price":120},
{"id":48,"atypeId":1,"description":"[共通裝備]由皮革所製成的帽子。","etypeId":3,"traits":[{"code":22,"dataId":1,"value":0}],"iconIndex":130,"name":"皮革帽","note":"","params":[0,0,0,8,0,0,0,0],"price":480},
{"id":49,"atypeId":1,"description":"[共通裝備]用厚布纏卷在頭部\n的防具。","etypeId":3,"traits":[{"code":22,"dataId":1,"value":0}],"iconIndex":130,"name":"特本","note":"","params":[0,0,0,12,0,0,0,0],"price":980},
{"id":50,"atypeId":1,"description":"[共通裝備]以羽毛裝飾的精美帽子。","etypeId":3,"traits":[{"code":22,"dataId":1,"value":0}],"iconIndex":130,"name":"羽毛帽","note":"","params":[0,0,0,16,0,0,0,0],"price":1890},
{"id":51,"atypeId":0,"description":"","etypeId":2,"traits":[{"code":22,"dataId":1,"value":0}],"iconIndex":0,"name":"","note":"","params":[0,0,0,0,0,0,0,0],"price":0},
{"id":52,"atypeId":3,"description":"[輕型裝備]由皮革所製成的帽子。","etypeId":3,"traits":[{"code":22,"dataId":1,"value":0}],"iconIndex":130,"name":"皮帽","note":"","params":[0,0,0,3,0,0,0,0],"price":100},
{"id":53,"atypeId":3,"description":"[輕型裝備]以木頭所製成的輕型頭盔。","etypeId":3,"traits":[{"code":22,"dataId":1,"value":0}],"iconIndex":130,"name":"木帽","note":"","params":[0,0,0,7,0,0,0,0],"price":300},
{"id":54,"atypeId":3,"description":"[輕型裝備]以銅板所製成的\n輕型頭盔。","etypeId":3,"traits":[{"code":22,"dataId":1,"value":0}],"iconIndex":130,"name":"青銅帽","note":"","params":[0,0,0,12,0,0,0,0],"price":720},
{"id":55,"atypeId":3,"description":"[輕型裝備]以鋼板所製成的\n輕型頭盔。","etypeId":3,"traits":[{"code":22,"dataId":1,"value":0}],"iconIndex":130,"name":"鋼鐵帽","note":"","params":[0,0,0,18,0,0,0,0],"price":1680},
{"id":56,"atypeId":3,"description":"[輕型裝備]以秘銀所製成的\n輕型頭盔。","etypeId":3,"traits":[{"code":22,"dataId":1,"value":0}],"iconIndex":130,"name":"秘銀帽","note":"","params":[0,0,0,24,0,0,0,0],"price":3250},
{"id":57,"atypeId":3,"description":"[輕型裝備]以魔龍的鱗片強化製作而成的輕量頭盔。","etypeId":3,"traits":[{"code":22,"dataId":1,"value":0}],"iconIndex":130,"name":"龍鱗帽","note":"","params":[0,0,0,30,0,0,0,0],"price":5480},
{"id":58,"atypeId":0,"description":"","etypeId":2,"traits":[{"code":22,"dataId":1,"value":0}],"iconIndex":0,"name":"","note":"","params":[0,0,0,0,0,0,0,0],"price":0},
{"id":59,"atypeId":4,"description":"[重型裝備]以細鎖鏈所編織成的頭巾。","etypeId":3,"traits":[{"code":22,"dataId":1,"value":0}],"iconIndex":132,"name":"鎖子甲頭巾","note":"","params":[0,0,0,5,0,0,0,0],"price":250},
{"id":60,"atypeId":4,"description":"[重型裝備]以厚青銅板所製成\n的頭盔。","etypeId":3,"traits":[{"code":22,"dataId":1,"value":0}],"iconIndex":132,"name":"青銅頭盔","note":"","params":[0,0,0,12,0,0,0,0],"price":750},
{"id":61,"atypeId":4,"description":"[重型裝備]以厚鋼板所製成\n的頭盔。","etypeId":3,"traits":[{"code":22,"dataId":1,"value":0}],"iconIndex":132,"name":"鋼鐵頭盔","note":"","params":[0,0,0,20,0,0,0,0],"price":1580},
{"id":62,"atypeId":4,"description":"[重型裝備]以秘銀所製成的頭盔。","etypeId":3,"traits":[{"code":22,"dataId":1,"value":0}],"iconIndex":132,"name":"秘銀頭盔","note":"","params":[0,0,0,28,0,0,0,0],"price":3480},
{"id":63,"atypeId":4,"description":"[重型裝備]以魔龍的鱗片製作而成的頭盔。","etypeId":3,"traits":[{"code":22,"dataId":1,"value":0}],"iconIndex":132,"name":"龍鱗頭盔","note":"","params":[0,0,0,34,0,0,0,0],"price":6780},
{"id":64,"atypeId":0,"description":"","etypeId":2,"traits":[{"code":22,"dataId":1,"value":0}],"iconIndex":0,"name":"","note":"","params":[0,0,0,0,0,0,0,0],"price":0},
{"id":65,"atypeId":2,"description":"[魔法裝備]有著寬邊的\n三角錐狀皮帽。","etypeId":3,"traits":[{"code":22,"dataId":1,"value":0}],"iconIndex":133,"name":"尖頂帽","note":"","params":[0,0,0,2,0,5,0,0],"price":100},
{"id":66,"atypeId":2,"description":"[魔法裝備]被施放了守護魔法的\n樸素頭飾。","etypeId":3,"traits":[{"code":22,"dataId":1,"value":0}],"iconIndex":133,"name":"環形頭飾","note":"","params":[0,0,0,5,0,10,0,0],"price":360},
{"id":67,"atypeId":2,"description":"[魔法裝備]被施放了守護魔法的\n銀製頭飾。","etypeId":3,"traits":[{"code":22,"dataId":1,"value":0}],"iconIndex":133,"name":"銀環頭飾","note":"","params":[0,0,0,8,0,15,0,0],"price":980},
{"id":68,"atypeId":2,"description":"[魔法裝備]被施放了守護魔法的\n純金頭飾。","etypeId":3,"traits":[{"code":22,"dataId":1,"value":0}],"iconIndex":133,"name":"金環頭飾","note":"","params":[0,0,0,16,0,25,0,0],"price":1980},
{"id":69,"atypeId":2,"description":"[魔法裝備]被施放了守護魔法的\n秘銀頭飾。","etypeId":3,"traits":[{"code":22,"dataId":1,"value":0}],"iconIndex":133,"name":"秘銀頭飾","note":"","params":[0,0,0,20,0,30,0,0],"price":3680},
{"id":70,"atypeId":2,"description":"[魔法裝備]被施放了守護魔法的\n賢者頭飾。","etypeId":3,"traits":[{"code":22,"dataId":1,"value":0}],"iconIndex":133,"name":"大師頭飾","note":"","params":[0,0,0,25,0,36,0,0],"price":5860},
{"id":71,"atypeId":0,"description":"","etypeId":2,"traits":[{"code":22,"dataId":1,"value":0}],"iconIndex":0,"name":"","note":"","params":[0,0,0,0,0,0,0,0],"price":0},
{"id":72,"atypeId":1,"description":"","etypeId":4,"traits":[{"code":22,"dataId":1,"value":0}],"iconIndex":135,"name":"-----配件","note":"","params":[0,0,0,1,0,0,0,0],"price":100},
{"id":73,"atypeId":1,"description":"[配件]能增加防禦的裝飾品。","etypeId":5,"traits":[{"code":22,"dataId":1,"value":0}],"iconIndex":147,"name":"防禦魔石","note":"","params":[0,0,0,5,0,5,0,0],"price":500},
{"id":74,"atypeId":1,"description":"[配件]能增加防禦的戒指。","etypeId":5,"traits":[{"code":22,"dataId":1,"value":0}],"iconIndex":145,"name":"防護戒指","note":"","params":[0,0,0,10,0,10,0,0],"price":1000},
{"id":75,"atypeId":1,"description":"[配件]能增加攻擊的裝飾品。","etypeId":5,"traits":[{"code":22,"dataId":1,"value":0}],"iconIndex":147,"name":"力量魔石","note":"","params":[0,0,5,0,5,0,0,0],"price":500},
{"id":76,"atypeId":1,"description":"[配件]能增加攻擊的戒指。","etypeId":5,"traits":[{"code":22,"dataId":1,"value":0}],"iconIndex":145,"name":"力量戒指","note":"","params":[0,0,5,0,10,0,0,0],"price":1000},
{"id":77,"atypeId":1,"description":"[配件]能增加速度的裝飾品。","etypeId":5,"traits":[{"code":22,"dataId":1,"value":0}],"iconIndex":147,"name":"速度魔石","note":"","params":[0,0,0,0,0,0,5,0],"price":500},
{"id":78,"atypeId":1,"description":"[配件]能增加速度的戒指。","etypeId":5,"traits":[{"code":22,"dataId":1,"value":0}],"iconIndex":145,"name":"速度戒指","note":"","params":[0,0,0,0,0,0,5,0],"price":1000},
{"id":79,"atypeId":1,"description":"[配件]能增加運氣的裝飾品。","etypeId":5,"traits":[{"code":22,"dataId":1,"value":0}],"iconIndex":147,"name":"幸運魔石","note":"","params":[0,0,0,0,0,0,0,5],"price":500},
{"id":80,"atypeId":1,"description":"[配件]能增加運氣的戒指。","etypeId":5,"traits":[{"code":22,"dataId":1,"value":0}],"iconIndex":145,"name":"幸運戒指","note":"","params":[0,0,0,0,0,0,0,10],"price":1000},
{"id":81,"atypeId":1,"description":"[配件]能增加魔法攻擊力的裝飾品。","etypeId":5,"traits":[{"code":22,"dataId":1,"value":0}],"iconIndex":147,"name":"魔法魔石","note":"","params":[0,0,0,0,5,5,0,0],"price":500},
{"id":82,"atypeId":1,"description":"[配件]能增加魔法攻擊力的戒指。","etypeId":5,"traits":[{"code":22,"dataId":1,"value":0}],"iconIndex":145,"name":"魔法戒指","note":"","params":[0,0,0,0,10,10,0,0],"price":1000},
{"id":83,"atypeId":1,"description":"[配件]能增加攻擊命中率\n的裝飾品。","etypeId":5,"traits":[{"code":22,"dataId":1,"value":0},{"code":22,"dataId":0,"value":1.5}],"iconIndex":147,"name":"射手魔石","note":"","params":[0,0,0,0,0,0,0,0],"price":500},
{"id":84,"atypeId":1,"description":"[配件]能增加攻擊命中率\n的戒指。","etypeId":5,"traits":[{"code":22,"dataId":1,"value":0},{"code":22,"dataId":0,"value":2}],"iconIndex":145,"name":"射手戒指","note":"","params":[0,0,0,0,0,0,0,0],"price":100},
{"id":85,"atypeId":1,"description":"[配件]能減少20% MP 消耗的裝飾品。","etypeId":5,"traits":[{"code":22,"dataId":1,"value":0},{"code":23,"dataId":4,"value":0.8}],"iconIndex":147,"name":"大師魔石","note":"","params":[0,0,0,0,0,0,0,0],"price":500},
{"id":86,"atypeId":1,"description":"[配件]能減少50% MP 消耗的戒指。","etypeId":5,"traits":[{"code":22,"dataId":1,"value":0},{"code":23,"dataId":4,"value":0.5}],"iconIndex":145,"name":"大師戒指","note":"","params":[0,0,0,0,0,0,0,0],"price":1000},
{"id":87,"atypeId":0,"description":"","etypeId":2,"traits":[{"code":22,"dataId":1,"value":0}],"iconIndex":0,"name":"","note":"","params":[0,0,0,0,0,0,0,0],"price":0},
{"id":88,"atypeId":1,"description":"[配件]能降低中毒與麻痺\n狀態的戒指。","etypeId":5,"traits":[{"code":22,"dataId":1,"value":0},{"code":13,"dataId":4,"value":0.6},{"code":13,"dataId":12,"value":0.6},{"code":13,"dataId":17,"value":0.6}],"iconIndex":145,"name":"毒效阻斷","note":"","params":[0,0,0,1,0,0,0,0],"price":300},
{"id":89,"atypeId":1,"description":"[配件]能完全防止中毒與麻痺\n狀態的戒指。","etypeId":5,"traits":[{"code":22,"dataId":1,"value":0},{"code":14,"dataId":4,"value":1},{"code":14,"dataId":12,"value":1},{"code":14,"dataId":17,"value":1}],"iconIndex":145,"name":"超級毒效阻斷","note":"","params":[0,0,0,5,0,0,0,0],"price":3000},
{"id":90,"atypeId":0,"description":"","etypeId":2,"traits":[{"code":22,"dataId":1,"value":0}],"iconIndex":0,"name":"","note":"","params":[0,0,0,0,0,0,0,0],"price":0},
{"id":91,"atypeId":1,"description":"[配件]能降低陷入睡眠、沉默、混亂、魅惑與\n憤怒狀態的戒指。","etypeId":5,"traits":[{"code":22,"dataId":1,"value":0},{"code":13,"dataId":6,"value":0.6},{"code":13,"dataId":7,"value":0.6},{"code":13,"dataId":9,"value":0.6},{"code":13,"dataId":10,"value":0.6},{"code":13,"dataId":8,"value":0.6}],"iconIndex":145,"name":"心靈阻斷","note":"","params":[0,0,0,1,0,0,0,0],"price":500},
{"id":92,"atypeId":1,"description":"[配件]能完全防禦陷入睡眠、沉默、混亂、魅惑與\n憤怒狀態的戒指。","etypeId":5,"traits":[{"code":22,"dataId":1,"value":0},{"code":14,"dataId":6,"value":1},{"code":14,"dataId":8,"value":1},{"code":14,"dataId":7,"value":1},{"code":14,"dataId":9,"value":1},{"code":14,"dataId":10,"value":1}],"iconIndex":145,"name":"超級心靈阻斷","note":"","params":[0,0,0,1,0,0,0,0],"price":5000},
{"id":93,"atypeId":0,"description":"","etypeId":2,"traits":[{"code":22,"dataId":1,"value":0}],"iconIndex":0,"name":"","note":"","params":[0,0,0,0,0,0,0,0],"price":0},
{"id":94,"atypeId":1,"description":"[配件]能增加先制攻擊機率的\n裝飾品。","etypeId":5,"traits":[{"code":22,"dataId":1,"value":0},{"code":64,"dataId":3,"value":1}],"iconIndex":147,"name":"敵人雷達","note":"","params":[0,0,0,0,0,0,0,0],"price":1000},
{"id":95,"atypeId":1,"description":"[配件]可不受到敵人突襲的裝飾品。","etypeId":5,"traits":[{"code":22,"dataId":1,"value":0},{"code":64,"dataId":2,"value":1}],"iconIndex":205,"name":"警鈴","note":"","params":[0,0,0,0,0,0,0,0],"price":1000},
{"id":96,"atypeId":1,"description":"[配件]能將 TP 保留至下一場戰鬥的\n裝飾品。","etypeId":5,"traits":[{"code":22,"dataId":1,"value":0},{"code":62,"dataId":3,"value":1}],"iconIndex":144,"name":"儲存器","note":"","params":[0,0,0,0,0,0,0,0],"price":1000},
{"id":97,"atypeId":1,"description":"[配件]增加TP回復率的戒指。","etypeId":5,"traits":[{"code":22,"dataId":1,"value":0},{"code":23,"dataId":5,"value":2}],"iconIndex":145,"name":"毅力戒指","note":"","params":[0,0,0,0,0,0,0,0],"price":1000},
{"id":98,"atypeId":1,"description":"[配件]減少MP消耗的護腕。","etypeId":5,"traits":[{"code":22,"dataId":1,"value":0},{"code":23,"dataId":4,"value":0.5}],"iconIndex":144,"name":"MP 守護者","note":"","params":[0,0,0,0,0,0,0,0],"price":1000},
{"id":99,"atypeId":1,"description":"[配件]受到的火、水、風和土\n屬性的傷害減半。","etypeId":5,"traits":[{"code":22,"dataId":1,"value":0},{"code":11,"dataId":2,"value":0.5},{"code":11,"dataId":5,"value":0.5},{"code":11,"dataId":6,"value":0.5},{"code":11,"dataId":7,"value":0.5}],"iconIndex":145,"name":"元素阻斷","note":"","params":[0,0,0,0,0,0,0,0],"price":1000},
{"id":100,"atypeId":1,"description":"[配件]可使命中率上升的飾品。","etypeId":5,"traits":[{"code":22,"dataId":1,"value":0},{"code":22,"dataId":0,"value":0.5}],"iconIndex":151,"name":"護目鏡","note":"","params":[0,0,0,0,0,0,0,0],"price":500}
]