[
null,
{"id":1,"actions":[{"conditionParam1":0,"conditionParam2":0,"conditionType":0,"rating":5,"skillId":1},{"skillId":20,"rating":5,"conditionType":0,"conditionParam1":0,"conditionParam2":0}],"battlerHue":0,"battlerName":"Goblin","dropItems":[{"dataId":1,"denominator":1,"kind":0},{"dataId":1,"denominator":1,"kind":0},{"dataId":1,"denominator":1,"kind":0}],"exp":10,"traits":[{"code":22,"dataId":0,"value":0.95},{"code":22,"dataId":1,"value":0.05},{"code":31,"dataId":1,"value":0}],"gold":5,"name":"哥布林","note":"","params":[200,0,25,20,20,20,20,20]},
{"id":2,"actions":[{"conditionParam1":0,"conditionParam2":0,"conditionType":0,"rating":5,"skillId":1},{"skillId":23,"rating":3,"conditionType":1,"conditionParam1":0,"conditionParam2":2}],"battlerHue":0,"battlerName":"Gnome","dropItems":[{"dataId":1,"denominator":1,"kind":0},{"dataId":1,"denominator":1,"kind":0},{"dataId":1,"denominator":1,"kind":0}],"exp":10,"traits":[{"code":22,"dataId":0,"value":0.95},{"code":22,"dataId":1,"value":0.05},{"code":31,"dataId":1,"value":0}],"gold":8,"name":"地精","note":"","params":[250,0,20,25,20,20,20,20]},
{"id":3,"actions":[{"conditionParam1":0,"conditionParam2":0,"conditionType":0,"rating":5,"skillId":1}],"battlerHue":0,"battlerName":"Crow","dropItems":[{"dataId":1,"denominator":1,"kind":0},{"dataId":1,"denominator":1,"kind":0},{"dataId":1,"denominator":1,"kind":0}],"exp":15,"traits":[{"code":22,"dataId":0,"value":0.95},{"code":22,"dataId":1,"value":0.1},{"code":31,"dataId":1,"value":0}],"gold":8,"name":"烏鴉","note":"","params":[250,50,25,20,20,20,25,20]},
{"id":4,"actions":[{"conditionParam1":0,"conditionParam2":0,"conditionType":0,"rating":5,"skillId":1},{"skillId":52,"rating":4,"conditionType":2,"conditionParam1":0,"conditionParam2":0.3}],"battlerHue":0,"battlerName":"Treant","dropItems":[{"dataId":1,"denominator":1,"kind":0},{"dataId":1,"denominator":1,"kind":0},{"dataId":1,"denominator":1,"kind":0}],"exp":30,"traits":[{"code":22,"dataId":0,"value":0.95},{"code":22,"dataId":1,"value":0.05},{"code":31,"dataId":1,"value":0},{"code":11,"dataId":2,"value":2}],"gold":15,"name":"樹人","note":"","params":[500,50,30,20,30,30,30,30]},
{"id":5,"actions":[{"conditionParam1":0,"conditionParam2":0,"conditionType":0,"rating":5,"skillId":1},{"skillId":99,"rating":4,"conditionType":1,"conditionParam1":0,"conditionParam2":2},{"skillId":13,"rating":6,"conditionType":2,"conditionParam1":0,"conditionParam2":0.3}],"battlerHue":0,"battlerName":"Hi_monster","dropItems":[{"dataId":1,"denominator":1,"kind":0},{"dataId":1,"denominator":1,"kind":0},{"dataId":1,"denominator":1,"kind":0}],"exp":100,"traits":[{"code":22,"dataId":0,"value":0.95},{"code":22,"dataId":1,"value":0.05},{"code":31,"dataId":1,"value":0},{"code":63,"dataId":1,"value":1}],"gold":50,"name":"魔獸","note":"","params":[1000,50,40,20,40,40,40,40]}
]