[
null,
{"id":1,"autoRemovalTiming":0,"chanceByDamage":100,"iconIndex":1,"maxTurns":1,"message1":"%1 倒下了！","message2":"打倒 %1 了！","message3":"","message4":"%1 復活了！","minTurns":1,"motion":3,"name":"死亡","note":"當HP為0時會增加狀態#1。","overlay":0,"priority":100,"releaseByDamage":false,"removeAtBattleEnd":false,"removeByDamage":false,"removeByRestriction":false,"removeByWalking":false,"restriction":4,"stepsToRemove":100,"traits":[{"code":23,"dataId":9,"value":0}],"messageType":1},
{"id":2,"autoRemovalTiming":2,"chanceByDamage":100,"iconIndex":0,"maxTurns":1,"message1":"","message2":"","message3":"","message4":"","minTurns":1,"motion":0,"name":"防禦","note":"","overlay":0,"priority":0,"removeAtBattleEnd":true,"removeByDamage":false,"removeByRestriction":true,"removeByWalking":false,"restriction":0,"stepsToRemove":100,"traits":[{"code":62,"dataId":1,"value":0}],"messageType":1},
{"id":3,"autoRemovalTiming":0,"chanceByDamage":100,"iconIndex":0,"maxTurns":1,"message1":"","message2":"","message3":"","message4":"","minTurns":1,"motion":0,"name":"不死之身","note":"","overlay":0,"priority":0,"removeAtBattleEnd":true,"removeByDamage":false,"removeByRestriction":false,"removeByWalking":false,"restriction":0,"stepsToRemove":100,"traits":[{"code":14,"dataId":1,"value":0}],"messageType":1},
{"id":4,"autoRemovalTiming":0,"chanceByDamage":100,"iconIndex":2,"maxTurns":1,"message1":"%1 中毒了！","message2":"遭 %1 噴毒了！","message3":"","message4":"%1 的中毒解除了！","minTurns":1,"motion":1,"overlay":1,"name":"中毒","note":"","priority":50,"releaseByDamage":false,"removeAtBattleEnd":false,"removeByDamage":false,"removeByRestriction":false,"removeByWalking":false,"restriction":0,"stepsToRemove":100,"traits":[{"code":22,"dataId":7,"value":-0.1}],"messageType":1},
{"id":5,"autoRemovalTiming":1,"chanceByDamage":100,"iconIndex":3,"maxTurns":5,"message1":"%1陷入了黑暗！","message2":"讓%1陷入黑暗！","message3":"","message4":"%1的黑暗解除了！","minTurns":3,"motion":1,"name":"黑暗","note":"","overlay":2,"priority":60,"releaseByDamage":false,"removeAtBattleEnd":true,"removeByDamage":false,"removeByRestriction":false,"removeByWalking":false,"restriction":0,"stepsToRemove":100,"traits":[{"code":22,"dataId":0,"value":-0.5}],"messageType":1},
{"id":6,"autoRemovalTiming":1,"chanceByDamage":100,"iconIndex":4,"maxTurns":5,"message1":"%1沉默了！","message2":"讓%1沉默了！","message3":"","message4":"%1的沉默解除了！","minTurns":3,"motion":1,"name":"沉默","note":"","overlay":3,"priority":65,"releaseByDamage":false,"removeAtBattleEnd":true,"removeByDamage":false,"removeByRestriction":false,"removeByWalking":false,"restriction":0,"stepsToRemove":100,"traits":[{"code":42,"dataId":1,"value":0}],"messageType":1},
{"id":7,"autoRemovalTiming":1,"chanceByDamage":50,"iconIndex":5,"maxTurns":4,"message1":"%1 憤怒了！","message2":"讓 %1 憤怒了！","message3":"","message4":"%1 的憤怒解除了！","minTurns":2,"motion":1,"name":"憤怒","note":"","overlay":4,"priority":70,"releaseByDamage":false,"removeAtBattleEnd":true,"removeByDamage":true,"removeByRestriction":false,"removeByWalking":false,"restriction":1,"stepsToRemove":100,"traits":[],"messageType":1},
{"id":8,"autoRemovalTiming":1,"chanceByDamage":50,"iconIndex":6,"maxTurns":4,"message1":"%1 混亂了！","message2":"讓 %1 混亂了！","message3":"","message4":"%1 的混亂解除了！","minTurns":2,"motion":1,"name":"混亂","note":"","overlay":5,"priority":75,"releaseByDamage":false,"removeAtBattleEnd":true,"removeByDamage":true,"removeByRestriction":false,"removeByWalking":false,"restriction":2,"stepsToRemove":100,"traits":[],"messageType":1},
{"id":9,"autoRemovalTiming":1,"chanceByDamage":50,"iconIndex":7,"maxTurns":4,"message1":"%1 受到魅惑了！","message2":"魅惑 %1 了！","message3":"","message4":"%1的魅惑解除了！","minTurns":2,"motion":1,"name":"魅惑","note":"","overlay":6,"priority":80,"releaseByDamage":false,"removeAtBattleEnd":true,"removeByDamage":true,"removeByRestriction":false,"removeByWalking":false,"restriction":3,"stepsToRemove":100,"traits":[],"messageType":1},
{"id":10,"autoRemovalTiming":1,"chanceByDamage":100,"iconIndex":8,"maxTurns":5,"message1":"%1 睡著了！","message2":"讓 %1 睡著了！","message3":"%1 在睡覺中。","message4":"%1 清醒了！","minTurns":3,"motion":2,"name":"睡眠","note":"","overlay":7,"priority":90,"releaseByDamage":true,"removeAtBattleEnd":true,"removeByDamage":true,"removeByRestriction":false,"removeByWalking":false,"restriction":4,"stepsToRemove":100,"traits":[{"code":22,"dataId":1,"value":-1}],"messageType":1},
{"id":11,"autoRemovalTiming":0,"chanceByDamage":100,"traits":[],"iconIndex":0,"maxTurns":1,"message1":"","message2":"","message3":"","message4":"","minTurns":1,"motion":0,"name":"","note":"","overlay":0,"priority":50,"removeAtBattleEnd":false,"removeByDamage":false,"removeByRestriction":false,"removeByWalking":false,"restriction":0,"stepsToRemove":100,"messageType":1},
{"id":12,"autoRemovalTiming":2,"chanceByDamage":100,"traits":[{"code":22,"dataId":1,"value":-1}],"iconIndex":9,"maxTurns":3,"message1":"%1 麻痺了，無法動彈！","message2":"讓 %1 麻痺了！","message3":"%1 麻痺了，無法動彈！","message4":"%1 的麻痺解除了！","minTurns":3,"motion":2,"name":"麻痺","note":"","overlay":8,"priority":95,"removeAtBattleEnd":true,"removeByDamage":false,"removeByRestriction":false,"removeByWalking":false,"restriction":4,"stepsToRemove":100,"messageType":1},
{"id":13,"autoRemovalTiming":2,"chanceByDamage":100,"traits":[{"code":22,"dataId":1,"value":-1}],"iconIndex":9,"maxTurns":2,"message1":"%1 失去平衡了！","message2":"%1 失去平衡了！","message3":"%1 依然站不穩……","message4":"%1 恢復平衡了！","minTurns":1,"motion":1,"name":"暈眩","note":"","overlay":10,"priority":90,"removeAtBattleEnd":true,"removeByDamage":false,"removeByRestriction":false,"removeByWalking":false,"restriction":4,"stepsToRemove":100,"messageType":1},
{"id":14,"autoRemovalTiming":0,"chanceByDamage":100,"traits":[],"iconIndex":0,"maxTurns":1,"message1":"","message2":"","message3":"","message4":"","minTurns":1,"motion":0,"name":"","note":"","overlay":0,"priority":50,"removeAtBattleEnd":false,"removeByDamage":false,"removeByRestriction":false,"removeByWalking":false,"restriction":0,"stepsToRemove":100,"messageType":1},
{"id":15,"autoRemovalTiming":2,"chanceByDamage":100,"traits":[{"code":22,"dataId":7,"value":0.1}],"iconIndex":72,"maxTurns":4,"message1":"","message2":"","message3":"","message4":"","minTurns":4,"motion":0,"name":"HP 再生","note":"","overlay":0,"priority":40,"removeAtBattleEnd":true,"removeByDamage":false,"removeByRestriction":false,"removeByWalking":false,"restriction":0,"stepsToRemove":100,"messageType":1},
{"id":16,"autoRemovalTiming":2,"chanceByDamage":100,"traits":[{"code":22,"dataId":8,"value":0.1}],"iconIndex":72,"maxTurns":4,"message1":"","message2":"","message3":"","message4":"","minTurns":4,"motion":0,"name":"MP 再生","note":"","overlay":0,"priority":40,"removeAtBattleEnd":true,"removeByDamage":false,"removeByRestriction":false,"removeByWalking":false,"restriction":0,"stepsToRemove":100,"messageType":1},
{"id":17,"autoRemovalTiming":2,"chanceByDamage":100,"traits":[{"code":22,"dataId":9,"value":0.1}],"iconIndex":72,"maxTurns":4,"message1":"","message2":"","message3":"","message4":"","minTurns":4,"motion":0,"name":"TP 再生","note":"","overlay":0,"priority":40,"removeAtBattleEnd":true,"removeByDamage":false,"removeByRestriction":false,"removeByWalking":false,"restriction":0,"stepsToRemove":100,"messageType":1},
{"id":18,"autoRemovalTiming":2,"chanceByDamage":100,"traits":[{"code":22,"dataId":5,"value":1}],"iconIndex":70,"maxTurns":5,"message1":"","message2":"","message3":"","message4":"","minTurns":5,"motion":0,"name":"魔法反射","note":"","overlay":0,"priority":40,"removeAtBattleEnd":true,"removeByDamage":false,"removeByRestriction":false,"removeByWalking":false,"restriction":0,"stepsToRemove":100,"messageType":1},
{"id":19,"autoRemovalTiming":2,"chanceByDamage":100,"traits":[{"code":62,"dataId":2,"value":1}],"iconIndex":81,"maxTurns":1,"message1":"","message2":"","message3":"","message4":"","minTurns":1,"motion":0,"name":"守護","note":"","overlay":0,"priority":40,"removeAtBattleEnd":true,"removeByDamage":false,"removeByRestriction":true,"removeByWalking":false,"restriction":0,"stepsToRemove":100,"messageType":1},
{"id":20,"autoRemovalTiming":2,"chanceByDamage":100,"traits":[{"code":23,"dataId":0,"value":9}],"iconIndex":76,"maxTurns":5,"message1":"%1 更容易成為攻擊目標了！","message2":"","message3":"","message4":"","minTurns":5,"motion":0,"name":"挑釁","note":"","overlay":0,"priority":40,"removeAtBattleEnd":true,"removeByDamage":false,"removeByRestriction":false,"removeByWalking":false,"restriction":0,"stepsToRemove":100,"messageType":1},
{"id":21,"autoRemovalTiming":2,"chanceByDamage":100,"traits":[{"code":23,"dataId":0,"value":0}],"iconIndex":81,"maxTurns":5,"message1":"%1 不容易成為攻擊目標了！","message2":"","message3":"","message4":"","minTurns":5,"motion":0,"name":"躲藏","note":"","overlay":0,"priority":40,"removeAtBattleEnd":true,"removeByDamage":false,"removeByRestriction":false,"removeByWalking":false,"restriction":0,"stepsToRemove":100,"messageType":1},
{"id":22,"autoRemovalTiming":1,"chanceByDamage":100,"traits":[{"code":22,"dataId":6,"value":1}],"iconIndex":77,"maxTurns":3,"message1":"","message2":"","message3":"","message4":"","minTurns":3,"motion":0,"name":"反擊","note":"","overlay":0,"priority":50,"removeAtBattleEnd":true,"removeByDamage":false,"removeByRestriction":true,"removeByWalking":false,"restriction":0,"stepsToRemove":100,"messageType":1},
{"id":23,"autoRemovalTiming":2,"chanceByDamage":100,"traits":[{"code":14,"dataId":4,"value":1},{"code":14,"dataId":5,"value":1},{"code":14,"dataId":6,"value":1},{"code":14,"dataId":7,"value":1},{"code":14,"dataId":8,"value":1},{"code":14,"dataId":9,"value":1},{"code":14,"dataId":10,"value":1},{"code":14,"dataId":12,"value":1},{"code":14,"dataId":13,"value":1}],"iconIndex":70,"maxTurns":5,"message1":"","message2":"","message3":"","message4":"","minTurns":5,"motion":0,"name":"阻斷異常狀態","note":"","overlay":0,"priority":50,"removeAtBattleEnd":true,"removeByDamage":false,"removeByRestriction":false,"removeByWalking":false,"restriction":0,"stepsToRemove":100,"messageType":1},
{"id":24,"autoRemovalTiming":2,"chanceByDamage":100,"traits":[{"code":23,"dataId":4,"value":0.25}],"iconIndex":70,"maxTurns":5,"message1":"","message2":"","message3":"","message4":"","minTurns":5,"motion":0,"name":"降低 MP 消耗率","note":"","overlay":0,"priority":50,"removeAtBattleEnd":true,"removeByDamage":false,"removeByRestriction":false,"removeByWalking":false,"restriction":0,"stepsToRemove":100,"messageType":1},
{"id":25,"autoRemovalTiming":2,"chanceByDamage":100,"traits":[{"code":31,"dataId":2,"value":1},{"code":11,"dataId":2,"value":0.5},{"code":21,"dataId":2,"value":1.1}],"iconIndex":64,"maxTurns":5,"message1":"%1 被火炎之力所壟罩。","message2":"%1 被火炎之力所壟罩。","message3":"","message4":"","minTurns":5,"motion":0,"name":"火炎之力","note":"","overlay":0,"priority":50,"removeAtBattleEnd":true,"removeByDamage":false,"removeByRestriction":false,"removeByWalking":false,"restriction":0,"stepsToRemove":100,"messageType":1},
{"id":26,"autoRemovalTiming":2,"chanceByDamage":100,"traits":[{"code":31,"dataId":3,"value":1},{"code":11,"dataId":3,"value":0.5},{"code":21,"dataId":2,"value":1.1}],"iconIndex":65,"maxTurns":5,"message1":"%1 被寒冰之力所壟罩。","message2":"%1 被寒冰之力所壟罩。","message3":"","message4":"","minTurns":5,"motion":0,"name":"寒冰之力","note":"","overlay":0,"priority":50,"removeAtBattleEnd":true,"removeByDamage":false,"removeByRestriction":false,"removeByWalking":false,"restriction":0,"stepsToRemove":100,"messageType":1},
{"id":27,"autoRemovalTiming":2,"chanceByDamage":100,"traits":[{"code":31,"dataId":4,"value":1},{"code":11,"dataId":4,"value":0.5},{"code":21,"dataId":2,"value":1.1}],"iconIndex":66,"maxTurns":5,"message1":"%1 被雷電之力所壟罩。","message2":"%1 被雷電之力所壟罩。","message3":"","message4":"","minTurns":5,"motion":0,"name":"雷電之力","note":"","overlay":0,"priority":50,"removeAtBattleEnd":true,"removeByDamage":false,"removeByRestriction":false,"removeByWalking":false,"restriction":0,"stepsToRemove":100,"messageType":1},
{"id":28,"autoRemovalTiming":0,"chanceByDamage":100,"traits":[],"iconIndex":0,"maxTurns":1,"message1":"","message2":"","message3":"","message4":"","minTurns":1,"motion":0,"name":"","note":"","overlay":0,"priority":50,"removeAtBattleEnd":false,"removeByDamage":false,"removeByRestriction":false,"removeByWalking":false,"restriction":0,"stepsToRemove":100,"messageType":1},
{"id":29,"autoRemovalTiming":0,"chanceByDamage":100,"traits":[{"code":64,"dataId":0,"value":1}],"iconIndex":72,"maxTurns":1,"message1":"","message2":"","message3":"","message4":"","minTurns":1,"motion":0,"name":"遭遇減半","note":"","overlay":0,"priority":20,"removeAtBattleEnd":false,"removeByDamage":false,"removeByRestriction":false,"removeByWalking":true,"restriction":0,"stepsToRemove":100,"messageType":1},
{"id":30,"autoRemovalTiming":0,"chanceByDamage":100,"traits":[{"code":64,"dataId":4,"value":1},{"code":64,"dataId":5,"value":1}],"iconIndex":70,"maxTurns":1,"message1":"","message2":"","message3":"","message4":"","minTurns":1,"motion":0,"name":"金錢/道具倍增","note":"","overlay":0,"priority":20,"removeAtBattleEnd":false,"removeByDamage":false,"removeByRestriction":false,"removeByWalking":true,"restriction":0,"stepsToRemove":100,"messageType":1}
]