[
null,
{"id":1,"animationId":6,"description":"[劍]輕巧易上手的短刃劍。","etypeId":1,"traits":[{"code":31,"dataId":1,"value":0},{"code":22,"dataId":0,"value":0}],"iconIndex":97,"name":"短劍","note":"","params":[0,0,8,0,0,0,0,0],"price":300,"wtypeId":2},
{"id":2,"animationId":6,"description":"[劍]有著鋒利刀身的長刃劍。","etypeId":1,"traits":[{"code":31,"dataId":1,"value":0},{"code":22,"dataId":0,"value":0}],"iconIndex":97,"name":"長劍","note":"","params":[0,0,12,0,0,0,0,0],"price":670,"wtypeId":2},
{"id":3,"animationId":6,"description":"[劍]帶有彎曲刀身的寬劍。","etypeId":1,"traits":[{"code":31,"dataId":1,"value":0},{"code":22,"dataId":0,"value":0}],"iconIndex":97,"name":"彎刀","note":"","params":[0,0,18,0,0,0,0,0],"price":1480,"wtypeId":2},
{"id":4,"animationId":6,"description":"[劍]以秘銀鍛造的長劍。","etypeId":1,"traits":[{"code":31,"dataId":1,"value":0},{"code":22,"dataId":0,"value":0}],"iconIndex":97,"name":"秘銀劍","note":"","params":[0,0,25,0,0,0,0,0],"price":3890,"wtypeId":2},
{"id":5,"animationId":6,"description":"[劍]使用了魔龍的牙打造而成的長劍。","etypeId":1,"traits":[{"code":31,"dataId":1,"value":0},{"code":22,"dataId":0,"value":0}],"iconIndex":97,"name":"龍牙劍","note":"","params":[0,0,36,0,0,0,0,0],"price":6970,"wtypeId":2},
{"id":6,"animationId":0,"description":"","etypeId":1,"traits":[{"code":31,"dataId":1,"value":0},{"code":22,"dataId":0,"value":0}],"iconIndex":0,"name":"","note":"","params":[0,0,0,0,0,0,0,0],"price":0,"wtypeId":0},
{"id":7,"animationId":1,"description":"[杖]價格便宜，普及的木杖。","etypeId":1,"traits":[{"code":31,"dataId":1,"value":0},{"code":22,"dataId":0,"value":0}],"iconIndex":101,"name":"木杖","note":"","params":[0,0,2,0,8,3,0,0],"price":280,"wtypeId":6},
{"id":8,"animationId":1,"description":"[杖]能少量提升術者的魔力。","etypeId":1,"traits":[{"code":31,"dataId":1,"value":0},{"code":22,"dataId":0,"value":0}],"iconIndex":101,"name":"魔法長棍","note":"","params":[0,0,3,0,12,6,0,0],"price":780,"wtypeId":6},
{"id":9,"animationId":1,"description":"[杖]能提升術者魔力的銀製長棍。","etypeId":1,"traits":[{"code":31,"dataId":1,"value":0},{"code":22,"dataId":0,"value":0}],"iconIndex":101,"name":"魔力長棍","note":"","params":[0,0,5,0,21,12,0,0],"price":1680,"wtypeId":6},
{"id":10,"animationId":1,"description":"[杖]能提升術者魔力的秘銀製權杖。","etypeId":1,"traits":[{"code":31,"dataId":1,"value":0},{"code":22,"dataId":0,"value":0}],"iconIndex":101,"name":"秘銀權杖","note":"","params":[0,0,12,0,32,24,0,0],"price":4120,"wtypeId":6},
{"id":11,"animationId":1,"description":"[杖]能提升術者魔力的魔龍寶杖。","etypeId":1,"traits":[{"code":31,"dataId":1,"value":0},{"code":22,"dataId":0,"value":0}],"iconIndex":101,"name":"魔龍杖","note":"","params":[0,0,18,0,45,52,0,0],"price":7680,"wtypeId":6},
{"id":12,"animationId":0,"description":"","etypeId":1,"traits":[{"code":31,"dataId":1,"value":0},{"code":22,"dataId":0,"value":0}],"iconIndex":0,"name":"","note":"","params":[0,0,0,0,0,0,0,0],"price":0,"wtypeId":0},
{"id":13,"animationId":1,"description":"[連枷]握柄前端用鎖鏈連接著\n石球的連枷。","etypeId":1,"traits":[{"code":31,"dataId":1,"value":0},{"code":22,"dataId":0,"value":0}],"iconIndex":98,"name":"石連枷","note":"","params":[0,0,7,0,0,0,0,0],"price":360,"wtypeId":3},
{"id":14,"animationId":1,"description":"[連枷]握柄前端用鎖鏈連接著\n銅球的連枷。","etypeId":1,"traits":[{"code":31,"dataId":1,"value":0},{"code":22,"dataId":0,"value":0}],"iconIndex":98,"name":"銅連枷","note":"","params":[0,0,12,0,0,0,0,0],"price":680,"wtypeId":3},
{"id":15,"animationId":1,"description":"[連枷]使用鋼鐵所強化的連枷。","etypeId":1,"traits":[{"code":31,"dataId":1,"value":0},{"code":22,"dataId":0,"value":0}],"iconIndex":98,"name":"晨曉之星","note":"","params":[0,0,18,0,0,0,0,0],"price":1460,"wtypeId":3},
{"id":16,"animationId":1,"description":"[連枷]使用秘銀所強化的連枷。","etypeId":1,"traits":[{"code":31,"dataId":1,"value":0},{"code":22,"dataId":0,"value":0}],"iconIndex":98,"name":"秘銀連枷","note":"","params":[0,0,23,0,0,0,0,0],"price":2980,"wtypeId":3},
{"id":17,"animationId":1,"description":"[連枷]使用了魔龍的牙強化製作而成的連枷。","etypeId":1,"traits":[{"code":31,"dataId":1,"value":0},{"code":22,"dataId":0,"value":0}],"iconIndex":98,"name":"龍牙連枷","note":"","params":[0,0,29,0,0,0,0,0],"price":6180,"wtypeId":3},
{"id":18,"animationId":0,"description":"","etypeId":1,"traits":[{"code":31,"dataId":1,"value":0},{"code":22,"dataId":0,"value":0}],"iconIndex":0,"name":"","note":"","params":[0,0,0,0,0,0,0,0],"price":0,"wtypeId":0},
{"id":19,"animationId":6,"description":"[斧]伐木用的小型斧。","etypeId":1,"traits":[{"code":31,"dataId":1,"value":0},{"code":22,"dataId":0,"value":0}],"iconIndex":99,"name":"手斧","note":"","params":[0,0,10,0,0,0,0,0],"price":480,"wtypeId":4},
{"id":20,"animationId":6,"description":"[斧]戰鬥用的雙刃斧。","etypeId":1,"traits":[{"code":31,"dataId":1,"value":0},{"code":22,"dataId":0,"value":0}],"iconIndex":99,"name":"戰斧","note":"","params":[0,0,18,0,0,0,0,0],"price":980,"wtypeId":4},
{"id":21,"animationId":6,"description":"[斧]帶有彎月形斧刃的戰斧。","etypeId":1,"traits":[{"code":31,"dataId":1,"value":0},{"code":22,"dataId":0,"value":0}],"iconIndex":99,"name":"彎月斧","note":"","params":[0,0,25,0,0,0,0,0],"price":2180,"wtypeId":4},
{"id":22,"animationId":6,"description":"[斧]使用秘銀打造的戰斧。","etypeId":1,"traits":[{"code":31,"dataId":1,"value":0},{"code":22,"dataId":0,"value":0}],"iconIndex":99,"name":"秘銀斧","note":"","params":[0,0,32,0,0,0,0,0],"price":4500,"wtypeId":4},
{"id":23,"animationId":6,"description":"[斧]使用了魔龍的牙製作而成的戰斧。","etypeId":1,"traits":[{"code":31,"dataId":1,"value":0},{"code":22,"dataId":0,"value":0}],"iconIndex":99,"name":"龍牙斧","note":"","params":[0,0,45,0,0,0,0,0],"price":9600,"wtypeId":4},
{"id":24,"animationId":0,"description":"","etypeId":1,"traits":[{"code":31,"dataId":1,"value":0},{"code":22,"dataId":0,"value":0}],"iconIndex":0,"name":"","note":"","params":[0,0,0,0,0,0,0,0],"price":0,"wtypeId":0},
{"id":25,"animationId":11,"description":"[矛]專用於突刺的短矛。","etypeId":1,"traits":[{"code":31,"dataId":1,"value":0},{"code":22,"dataId":0,"value":0}],"iconIndex":107,"name":"短矛","note":"","params":[0,0,6,0,0,0,0,0],"price":320,"wtypeId":12},
{"id":26,"animationId":11,"description":"[矛]將握柄加長到極限的矛兵器。","etypeId":1,"traits":[{"code":31,"dataId":1,"value":0},{"code":22,"dataId":0,"value":0}],"iconIndex":107,"name":"長矛","note":"","params":[0,0,12,0,0,0,0,0],"price":890,"wtypeId":12},
{"id":27,"animationId":11,"description":"[矛]矛尖附有斧刃的矛兵器。","etypeId":1,"traits":[{"code":31,"dataId":1,"value":0},{"code":22,"dataId":0,"value":0}],"iconIndex":107,"name":"斧槍","note":"","params":[0,0,18,0,0,0,0,0],"price":1760,"wtypeId":12},
{"id":28,"animationId":11,"description":"[矛]以秘銀打造的矛。","etypeId":1,"traits":[{"code":31,"dataId":1,"value":0},{"code":22,"dataId":0,"value":0}],"iconIndex":107,"name":"秘銀矛","note":"","params":[0,0,24,0,0,0,0,0],"price":3420,"wtypeId":12},
{"id":29,"animationId":11,"description":"[矛]使用了魔龍的牙製作而成的矛。","etypeId":1,"traits":[{"code":31,"dataId":1,"value":0},{"code":22,"dataId":0,"value":0}],"iconIndex":107,"name":"龍牙矛","note":"","params":[0,0,32,0,0,0,0,0],"price":5980,"wtypeId":12},
{"id":30,"animationId":0,"description":"","etypeId":1,"traits":[{"code":31,"dataId":1,"value":0},{"code":22,"dataId":0,"value":0}],"iconIndex":0,"name":"","note":"","params":[0,0,0,0,0,0,0,0],"price":0,"wtypeId":0},
{"id":31,"animationId":1,"description":"[手套]指節上裝有釘刺的\n戰鬥用手套。","etypeId":1,"traits":[{"code":31,"dataId":1,"value":0},{"code":22,"dataId":0,"value":0},{"code":54,"dataId":2,"value":1},{"code":34,"dataId":0,"value":1}],"iconIndex":106,"name":"皮帶手套","note":"","params":[0,0,5,5,0,0,0,0],"price":360,"wtypeId":11},
{"id":32,"animationId":16,"description":"[爪]裝有 4 根短爪的戰鬥武器。","etypeId":1,"traits":[{"code":31,"dataId":1,"value":0},{"code":22,"dataId":0,"value":0},{"code":54,"dataId":2,"value":1},{"code":34,"dataId":0,"value":1}],"iconIndex":105,"name":"虎爪拳套","note":"","params":[0,0,12,8,0,0,0,0],"price":980,"wtypeId":10},
{"id":33,"animationId":16,"description":"[爪]裝有鋼爪的戰鬥武器。","etypeId":1,"traits":[{"code":31,"dataId":1,"value":0},{"code":22,"dataId":0,"value":0},{"code":54,"dataId":2,"value":1},{"code":34,"dataId":0,"value":1}],"iconIndex":105,"name":"鋼爪","note":"","params":[0,0,20,15,0,0,0,0],"price":1560,"wtypeId":10},
{"id":34,"animationId":16,"description":"[爪]裝有秘銀爪的戰鬥武器。","etypeId":1,"traits":[{"code":31,"dataId":1,"value":0},{"code":22,"dataId":0,"value":0},{"code":54,"dataId":2,"value":1},{"code":34,"dataId":0,"value":1}],"iconIndex":105,"name":"秘銀爪","note":"","params":[0,0,25,18,0,0,0,0],"price":3480,"wtypeId":10},
{"id":35,"animationId":16,"description":"[爪]鑲嵌著魔龍的爪的戰鬥武器。","etypeId":1,"traits":[{"code":31,"dataId":1,"value":0},{"code":22,"dataId":0,"value":0},{"code":54,"dataId":2,"value":1},{"code":34,"dataId":0,"value":1}],"iconIndex":105,"name":"龍爪","note":"","params":[0,0,32,21,0,0,0,0],"price":6890,"wtypeId":10},
{"id":36,"animationId":0,"description":"","etypeId":1,"traits":[{"code":31,"dataId":1,"value":0},{"code":22,"dataId":0,"value":0}],"iconIndex":0,"name":"","note":"","params":[0,0,0,0,0,0,0,0],"price":0,"wtypeId":0},
{"id":37,"animationId":11,"description":"[弓]用於打獵的短弓。","etypeId":1,"traits":[{"code":31,"dataId":1,"value":0},{"code":22,"dataId":0,"value":0}],"iconIndex":102,"name":"短弓","note":"","params":[0,0,7,0,0,0,0,0],"price":310,"wtypeId":7},
{"id":38,"animationId":11,"description":"[弓]強力的戰鬥用弓。","etypeId":1,"traits":[{"code":31,"dataId":1,"value":0},{"code":22,"dataId":0,"value":0}],"iconIndex":102,"name":"長弓","note":"","params":[0,0,12,0,0,0,0,0],"price":780,"wtypeId":7},
{"id":39,"animationId":11,"description":"[弓]有強力的彈射機構能射出\n高威力的箭。","etypeId":1,"traits":[{"code":31,"dataId":1,"value":0},{"code":22,"dataId":0,"value":0}],"iconIndex":103,"name":"弩","note":"","params":[0,0,18,0,0,0,0,0],"price":1860,"wtypeId":8},
{"id":40,"animationId":11,"description":"[弓]有強力的彈射機構能射出\n秘銀製的箭。","etypeId":1,"traits":[{"code":31,"dataId":1,"value":0},{"code":22,"dataId":0,"value":0}],"iconIndex":103,"name":"秘銀弓","note":"","params":[0,0,23,0,0,0,0,0],"price":3260,"wtypeId":8},
{"id":41,"animationId":11,"description":"[弓]使用魔龍的鬍鬚製作而成的戰鬥用弓。","etypeId":1,"traits":[{"code":31,"dataId":1,"value":0},{"code":22,"dataId":0,"value":0}],"iconIndex":102,"name":"龍弓","note":"","params":[0,0,28,0,0,0,0,0],"price":5980,"wtypeId":7},
{"id":42,"animationId":0,"description":"","etypeId":1,"traits":[{"code":31,"dataId":1,"value":0},{"code":22,"dataId":0,"value":0}],"iconIndex":0,"name":"","note":"","params":[0,0,0,0,0,0,0,0],"price":0,"wtypeId":0},
{"id":43,"animationId":6,"description":"[匕首]用於日常生活的小刀。","etypeId":1,"traits":[{"code":31,"dataId":1,"value":0},{"code":22,"dataId":0,"value":0}],"iconIndex":96,"name":"小刀","note":"","params":[0,0,5,0,0,0,0,0],"price":280,"wtypeId":1},
{"id":44,"animationId":6,"description":"[匕首]戰鬥用的短刀。","etypeId":1,"traits":[{"code":31,"dataId":1,"value":0},{"code":22,"dataId":0,"value":0}],"iconIndex":96,"name":"匕首","note":"","params":[0,0,9,0,0,0,0,0],"price":690,"wtypeId":1},
{"id":45,"animationId":6,"description":"[匕首]有著厚實刀刃，堅固耐用的短刀。","etypeId":1,"traits":[{"code":31,"dataId":1,"value":0},{"code":22,"dataId":0,"value":0}],"iconIndex":96,"name":"開山刀","note":"","params":[0,0,12,0,0,0,0,0],"price":1280,"wtypeId":1},
{"id":46,"animationId":6,"description":"[匕首]以秘銀所製成的匕首。","etypeId":1,"traits":[{"code":31,"dataId":1,"value":0},{"code":22,"dataId":0,"value":0}],"iconIndex":96,"name":"秘銀匕首","note":"","params":[0,0,18,0,0,0,0,0],"price":2930,"wtypeId":1},
{"id":47,"animationId":6,"description":"[匕首]以龍牙所製成的匕首。","etypeId":1,"traits":[{"code":31,"dataId":1,"value":0},{"code":22,"dataId":0,"value":0}],"iconIndex":96,"name":"龍牙匕首","note":"","params":[0,0,23,0,0,0,0,0],"price":5820,"wtypeId":1},
{"id":48,"animationId":0,"description":"","etypeId":1,"traits":[{"code":31,"dataId":1,"value":0},{"code":22,"dataId":0,"value":0}],"iconIndex":0,"name":"","note":"","params":[0,0,0,0,0,0,0,0],"price":0,"wtypeId":0},
{"id":49,"animationId":0,"description":"","etypeId":1,"traits":[{"code":31,"dataId":1,"value":0},{"code":22,"dataId":0,"value":0}],"iconIndex":0,"name":"","note":"","params":[0,0,0,0,0,0,0,0],"price":0,"wtypeId":0},
{"id":50,"animationId":0,"description":"","etypeId":1,"traits":[{"code":31,"dataId":1,"value":0},{"code":22,"dataId":0,"value":0}],"iconIndex":0,"name":"","note":"","params":[0,0,0,0,0,0,0,0],"price":0,"wtypeId":0}
]